user_message,intent,entities,bot_response,user,bot,timestamp
Hi,greeting,[],Hello! 😊 How can I help you today?,,,
how are you,greeting,[],Hello! 😊 How can I help you today?,,,
i have a one doubt,greeting,"[['one', 'CARDINAL']]",Hello! 😊 How can I help you today?,,,
i wanna deep learning ai chat box,greeting,[],Hello! 😊 How can I help you today?,,,
hi,unknown,[],AI service is temporarily unavailable.,,,
hello,unknown,[],AI service is temporarily unavailable.,,,
how are you,unknown,[],AI service is temporarily unavailable.,,,
hi,unknown,[],AI service is temporarily unavailable.,,,
hello,unknown,[],AI service is temporarily unavailable.,,,
hi,unknown,[],AI service is temporarily unavailable.,,,
hi,greeting,[],Hello! 😊 How can I help you today?,,,
i want ticking boking,unknown,[],I'm not sure I understand. Can you please rephrase?,,,
hi,,,Hi there!,,,
how are you,,,"Sorry, I didn't understand that.",,,
,,,,hi,I'm not fully sure what you mean. Could you rephrase that?,2026-03-02 03:59:03.077
,,,,hello,I'm not fully sure what you mean. Could you rephrase that?,2026-03-02 04:01:11.469
,,,,hello,I'm not fully sure what you mean. Could you rephrase that?,2026-03-02 04:03:17.592
,,,,hi,I'm not fully sure what you mean. Could you rephrase that?,2026-03-02 04:03:28.301
,,,,hi,"Error generating response: Error code: 400 - {'error': {'message': 'The model `llama3-8b-8192` has been decommissioned and is no longer supported. Please refer to https://console.groq.com/docs/deprecations for a recommendation on which model to use instead.', 'type': 'invalid_request_error', 'code': 'model_decommissioned'}}",2026-03-02 04:34:35.091
,,,,hi,It's nice to meet you. Is there something I can help you with or would you like to chat?,2026-03-02 04:38:38.700
,,,,i wanna deep learning project,"Here are some deep learning project ideas across various domains:

**Computer Vision:**

1. **Image Classification**: Build a convolutional neural network (CNN) to classify images into different categories (e.g., animals, vehicles, buildings).
2. **Object Detection**: Implement a YOLO (You Only Look Once) or SSD (Single Shot Detector) network to detect objects within images.
3. **Image Segmentation**: Use a U-Net or FCN (Fully Convolutional Network) to segment objects or regions within images.
4. **Facial Recognition**: Develop a CNN-based system to recognize and verify human identities from face images.
5. **Image Generation**: Train a Generative Adversarial Network (GAN) to generate realistic images or videos.

**Natural Language Processing:**

1. **Text Classification**: Build a recurrent neural network (RNN) or CNN to classify text into different categories (e.g., sentiment analysis, spam detection).
2. **Language Translation**: Implement a sequence-to-sequence model using encoder-decoder architecture to translate text from one language to another.
3. **Chatbots**: Develop a conversational AI system using RNNs or Transformers to engage in natural-sounding conversations.
4. **Sentiment Analysis**: Train a deep learning model to analyze text and determine the sentiment (positive, negative, or neutral).
5. **Named Entity Recognition**: Use a deep learning model to identify and categorize named entities (e.g., people, organizations, locations) within text.

**Speech Recognition:**

1. **Speech-to-Text**: Implement a deep learning model to transcribe spoken audio into text.
2. **Speech Emotion Recognition**: Use a deep learning model to recognize emotions (e.g., happiness, sadness, anger) from spoken audio.
3. **Speech Enhancement**: Develop a deep learning model to improve the quality of speech audio.

**Time Series Forecasting:**

1. **Stock Market Prediction**: Train a deep learning model to predict stock prices or trends.
2. **Weather Forecasting**: Implement a deep learning model to forecast weather patterns or temperature.
3. **Traffic Prediction**: Use a deep learning model to predict traffic flow or congestion.

**Other:**

1. **Generative Models**: Train a GAN or Variational Autoencoder (VAE) to generate synthetic data or images.
2. **Anomaly Detection**: Develop a deep learning model to detect anomalies or outliers in data.
3. **Recommendation Systems",2026-03-02 04:38:58.604
,,,,hi,It's nice to meet you. Is there something I can help you with or would you like to chat?,2026-03-02 04:40:57.338
,,,,how are you,"I'm functioning properly and ready to assist you with any questions or topics you'd like to explore. I'm a large language model, so I don't have feelings or emotions like humans do, but I'm always here to provide information, answer questions, and engage in conversation to the best of my abilities. How about you? How's your day going so far?",2026-03-02 04:41:10.759
,,,,i wanna  ml project,"Here are some Machine Learning (ML) project ideas across various domains:

**Image Processing Projects:**

1. **Image Classification:** Train a model to classify images into different categories (e.g., animals, vehicles, buildings, etc.) using convolutional neural networks (CNNs).
2. **Object Detection:** Develop an object detection system that can identify specific objects within an image (e.g., facial recognition, text detection).
3. **Image Segmentation:** Build a model that can segment images into different parts (e.g., separating foreground from background).

**Natural Language Processing (NLP) Projects:**

1. **Sentiment Analysis:** Train a model to analyze text data and predict the sentiment (positive, negative, neutral) of a given text.
2. **Text Classification:** Develop a model that can classify text into different categories (e.g., spam, non-spam emails).
3. **Chatbots:** Build a conversational AI that can understand and respond to user queries.

**Time Series and Predictive Modeling Projects:**

1. **Stock Market Prediction:** Train a model to predict stock prices based on historical data.
2. **Weather Forecasting:** Develop a model that can predict weather conditions based on historical data.
3. **Traffic Flow Prediction:** Build a model that can predict traffic flow based on historical data.

**Recommendation Systems Projects:**

1. **Movie Recommendation:** Train a model to recommend movies to users based on their viewing history.
2. **Product Recommendation:** Develop a model that can recommend products to users based on their purchase history.
3. **Music Recommendation:** Build a model that can recommend music to users based on their listening history.

**Healthcare Projects:**

1. **Disease Diagnosis:** Train a model to diagnose diseases based on medical images (e.g., cancer detection).
2. **Patient Risk Prediction:** Develop a model that can predict the risk of certain diseases based on patient data.
3. **Medical Treatment Suggestion:** Build a model that can suggest medical treatments based on patient data.

**Select a project idea that interests you the most, and I'll help you get started with:**

1. **Choosing a programming language** (e.g., Python, R, Julia).
2. **Selecting a relevant dataset** (e.g., Kaggle, UCI Machine Learning Repository).
3. **Implementing a suitable algorithm** (e.g., supervised learning, unsupervised learning).
4. **Evaluating model",2026-03-02 04:41:33.234
,,,,hi,It's nice to meet you. Is there something I can help you with or would you like to chat? I'm here to listen and assist you with any questions or topics you'd like to discuss.,2026-03-02 04:52:28.322
,,,,hi,It's nice to meet you. Is there something I can help you with or would you like to chat? I'm here to listen and assist you with any questions or topics you'd like to discuss.,2026-03-02 05:02:14.415
,,,,i want ml project,"Here are some machine learning (ML) project ideas across various domains:

**1. Image Classification:**

* Project: **Traffic Sign Classification**
	+ Description: Build a model to classify traffic signs into different categories (e.g., speed limit, warning, mandatory).
	+ Dataset: German Traffic Sign Recognition Benchmark (GTSRB) dataset.
	+ Technique: Convolutional Neural Network (CNN) with transfer learning.

**2. Natural Language Processing (NLP):**

* Project: **Sentiment Analysis on Movie Reviews**
	+ Description: Develop a model to classify movie reviews as positive, negative, or neutral.
	+ Dataset: IMDB dataset.
	+ Technique: Repeatedly train and tune a Recurrent Neural Network (RNN) or Long Short-Term Memory (LSTM) network.

**3. Time Series Forecasting:**

* Project: **Stock Price Prediction**
	+ Description: Build a model to predict future stock prices based on historical data.
	+ Dataset: Historical stock prices from Yahoo Finance or Quandl.
	+ Technique: Use techniques like ARIMA, LSTM, or Prophet for time series forecasting.

**4. Recommendation Systems:**

* Project: **Movie Recommendation System**
	+ Description: Develop a model to recommend movies to users based on their ratings and viewing history.
	+ Dataset: MovieLens dataset or a similar dataset.
	+ Technique: Use techniques like matrix factorization, collaborative filtering, or deep learning-based methods.

**5. Anomaly Detection:**

* Project: **Credit Card Fraud Detection**
	+ Description: Build a model to detect credit card transactions that are likely to be fraudulent.
	+ Dataset: Credit card transaction data from a financial institution.
	+ Technique: Use techniques like Isolation Forest, One-class SVM, or Local Outlier Factor (LOF).

**6. Computer Vision:**

* Project: **Object Detection in Images**
	+ Description: Develop a model to detect objects in images (e.g., pedestrians, cars, bicycles).
	+ Dataset: COCO (Common Objects in Context) dataset or a similar dataset.
	+ Technique: Use techniques like YOLO (You Only Look Once) or SSD (Single Shot Detector).

**7. Predictive Maintenance:**

* Project: **Predicting Machine Downtime**
	+ Description: Build a model to predict when a machine is likely to fail or require maintenance.
	+ Dataset: Sensor readings from a",2026-03-02 05:02:37.393
,,,,hi,Hello. How can I assist you today?,2026-03-02 05:03:15.499
,,,,hi,"It's nice to meet you. How can I assist you today? Do you have a question, need help with a problem, or just want to chat? I'm here to listen and help in any way I can.",2026-03-02 05:05:32.832
,,,,hi,Hello. How can I assist you today?,2026-03-02 05:07:16.529
,,,,Hi,Hello. It's nice to meet you. Is there something I can help you with or would you like to chat?,2026-03-02 05:07:53.844
,,,,hi,"It's nice to meet you. Is there something I can help you with, or would you like to chat?",2026-03-02 05:10:07.181
,,,,hi,It's nice to meet you. Is there something I can help you with or would you like to chat?,2026-03-02 05:10:46.383
,,,,hi,It's nice to meet you. Is there something I can help you with or would you like to chat? I'm here to assist you with any questions or topics you'd like to discuss.,2026-03-02 05:11:45.877
,,,,hi,It's nice to meet you. Is there something I can help you with or would you like to chat?,2026-03-02 05:17:23.667
,,,,hi,How are you today? Is there something I can help you with or would you like to have a chat?,2026-03-02 05:24:17.397
,,,,What is your full project folder structure?,"I'm an AI assistant, and my architecture is not a traditional project with a folder structure. However, I can provide you with an overview of how my knowledge is organized internally.

My training data is based on a massive corpus of text, which is processed and transformed into a complex neural network model. This model is then fine-tuned on various tasks and domains to generate human-like responses.

If we were to simulate a project folder structure for my architecture, it might look something like this:

```
MyProject/
|--- data/
|    |--- training/
|    |    |--- text_data/
|    |    |--- metadata/
|    |--- validation/
|    |    |--- text_data/
|    |    |--- metadata/
|--- models/
|    |--- base_model/
|    |    |--- model.py
|    |    |--- training.py
|    |--- fine_tuned_models/
|    |    |--- task1_model/
|    |    |--- task2_model/
|    |--- model_weights/
|--- scripts/
|    |--- data_preprocessing.py
|    |--- training_scripts/
|    |    |--- run_training.py
|    |    |--- evaluate_model.py
|--- notebooks/
|    |--- data_exploration.ipynb
|    |--- model_training.ipynb
|    |--- model_evaluation.ipynb
|--- logs/
|    |--- training_logs/
|    |    |--- task1/
|    |    |--- task2/
|    |--- evaluation_logs/
|--- requirements.txt
|--- setup.py
|--- LICENSE
|--- README.md
```

This is a simplified example, and the actual folder structure might be more complex and nuanced depending on the specific requirements of my project.

Here's a brief explanation of each folder:

- `data/`: This folder contains the training and validation data, as well as any metadata associated with it.
- `models/`: This folder contains the base model and any fine-tuned models that are used for specific tasks.
- `scripts/`: This folder contains scripts for data preprocessing, training, and evaluation.
- `notebooks/`: This folder contains Jupyter notebooks for data exploration, model training, and model evaluation.
- `logs/`: This folder contains logs from training and evaluation runs.
- `requirements.txt`: This file lists the dependencies required",2026-03-02 05:24:39.293
,,,,hi,"It's nice to meet you. Is there something I can help you with, or would you like to chat?",2026-03-02 05:26:41.746
,,,,hello,"Hello. It's nice to meet you. Is there something I can help you with, or would you like to chat?",2026-03-02 05:31:10.485
,,,,hi,Hello. How can I assist you today?,2026-03-02 05:33:16.453
,,,,hi,Hello. How can I assist you today?,2026-03-02 07:19:21.829
,,,,hi,Hello. How can I assist you today? Do you have any questions or topics you'd like to discuss? I'm here to help with any information or advice you might need.,2026-03-02 07:34:45.206
,,,,hi,Hello. Is there something I can help you with or would you like to chat?,2026-03-02 07:36:38.834
,,,,hi,"It's nice to meet you. Is there something I can help you with, or would you like to chat?",2026-03-02 07:38:58.085
,,,,hi,Hello. How can I assist you today? Do you have any questions or topics you'd like to discuss? I'm here to provide information and help with anything you need.,2026-03-02 07:47:54.288
,,,,i want ml project,"Here are some Machine Learning (ML) project ideas for you to get started:

**Beginner Projects**

1. **Image Classification**: Build a model to classify images into different categories (e.g., animals, vehicles, objects) using a dataset like CIFAR-10 or ImageNet.
2. **Text Sentiment Analysis**: Develop a model to analyze text data and predict whether the sentiment is positive, negative, or neutral.
3. **House Price Prediction**: Use historical data to build a model that predicts house prices based on features like location, size, and number of bedrooms.
4. **Customer Segmentation**: Analyze customer data to identify patterns and group similar customers together based on their behavior and demographics.
5. **Spam Email Classification**: Train a model to classify emails as spam or not spam based on their content.

**Intermediate Projects**

1. **Time Series Forecasting**: Build a model to predict future values in a time series dataset (e.g., stock prices, weather data).
2. **Recommendation System**: Develop a model that recommends products or services to users based on their past behavior and preferences.
3. **Natural Language Processing (NLP)**: Build a model that can understand and generate human-like text, such as language translation or text summarization.
4. **Anomaly Detection**: Train a model to detect unusual patterns in data, such as detecting credit card fraud or network intrusions.
5. **Clustering Analysis**: Group similar data points together based on their features and identify patterns or relationships.

**Advanced Projects**

1. **Deep Learning**: Build a model using deep neural networks to classify images, speech, or text data.
2. **Generative Adversarial Networks (GANs)**: Develop a model that can generate new data samples that resemble existing data.
3. **Autoencoders**: Train a model to learn efficient representations of data and compress or reconstruct input data.
4. **Reinforcement Learning**: Build a model that learns to make decisions based on trial and error and reward signals.
5. **Transfer Learning**: Use pre-trained models and fine-tune them for your specific task to achieve better results.

**Project Ideas with Real-World Applications**

1. **Predicting Student Dropout**: Use data from a university to build a model that predicts which students are likely to drop out.
2. **Medical Diagnosis**: Develop a model that can diagnose diseases based on medical data and patient symptoms.
3. **Predicting Energy Consumption**:",2026-03-02 07:48:10.830
,,,,i m so tired,"I'm so sorry to hear that you're feeling tired. It's completely normal to feel exhausted from time to time. There could be many reasons behind your fatigue, such as lack of sleep, stress, physical activity, or even a medical condition.

Before we dive deeper, take a deep breath and know that you're not alone. Here are some potential suggestions that might help:

1. **Get enough sleep**: Aim for 7-9 hours of sleep each night to help your body and mind recharge.
2. **Stay hydrated**: Drink plenty of water throughout the day to avoid dehydration, which can exacerbate fatigue.
3. **Take breaks**: If you're feeling overwhelmed, take short breaks to relax and recharge.
4. **Exercise regularly**: Regular physical activity can help increase energy levels and reduce fatigue.
5. **Manage stress**: Try stress-reducing techniques like meditation, yoga, or deep breathing exercises.
6. **Eat a balanced diet**: Focus on whole, nutrient-rich foods to provide your body with the energy it needs.
7. **Get some fresh air**: Spend time outdoors, and take a walk or engage in a relaxing activity to help clear your mind.

If you're experiencing persistent or severe fatigue, it's always a good idea to consult with a healthcare professional to rule out any underlying medical conditions.

In the meantime, here are some calming phrases to help you relax:

* ""You're safe and supported.""
* ""You can take things one step at a time.""
* ""Your body is capable of amazing things.""

Remember, fatigue is temporary, and with a little self-care and patience, you'll be back to your usual self in no time.

How are you feeling now? Is there anything specific that's causing you to feel tired?",2026-03-02 07:50:48.091
,,,,hi,Hello. How can I assist you today?,2026-03-02 08:35:12.882
,,,,what is the reason for the blue color to sky?,"The blue color of the sky is a fascinating phenomenon that has puzzled people for centuries. The main reason for the blue color of the sky is due to a process called Rayleigh scattering.

Rayleigh scattering is the scattering of light by small particles or molecules in the atmosphere. When sunlight enters the Earth's atmosphere, it encounters tiny molecules of gases such as nitrogen (N2) and oxygen (O2). These molecules scatter the light in all directions, but they scatter shorter (blue) wavelengths more than longer (red) wavelengths.

This is because the smaller molecules are more effective at scattering the shorter wavelengths, which have a higher frequency. As a result, the blue light is scattered in all directions and reaches our eyes from all parts of the sky, giving it a blue appearance.

The other reason why the sky appears blue is due to the absorption of light by the atmosphere. The atmosphere scatters the shorter wavelengths of light, such as blue and violet, more than the longer wavelengths, such as red and orange. This is why the sky appears blue during the day, especially in the direction of the sun.

However, when the sun is low on the horizon, the light has to travel through more of the Earth's atmosphere to reach our eyes. This means that the light is scattered even more, and the shorter wavelengths are scattered away, leaving mainly the longer wavelengths to reach our eyes. This is why the sky often appears more red or orange during sunrise and sunset.

Additionally, the presence of aerosols, dust particles, and water vapor in the atmosphere can also affect the color of the sky. For example, during severe thunderstorms, the sky can appear greenish due to the presence of heavy rain and hail. Similarly, during volcanic eruptions, the sky can appear gray or brown due to the presence of ash particles in the atmosphere.

In summary, the blue color of the sky is primarily due to Rayleigh scattering, which scatters shorter wavelengths of light, such as blue and violet, in all directions. This, combined with the absorption of light by the atmosphere, gives the sky its blue appearance during the day.

**Timeline of the development of our understanding of the Blue Sky**

- Aristotelian view, 350 BCE: Aristotle believed that the sky appeared blue because of the way that light was reflected off the surface of the Earth and the surrounding atmosphere.
- Isaac Newton, 1666-1672: Newton proposed that the blue color of the sky was due to the way",2026-03-02 08:36:16.336
,,,,what is the satrting point of AI,"The starting point of Artificial Intelligence (AI) is a topic of ongoing debate among historians, researchers, and experts. While it's difficult to pinpoint a single starting point, I can provide you with an overview of the key milestones and events that have shaped the development of AI.

**Early Beginnings:**

1. **Charles Babbage's Analytical Engine (1837)**: Charles Babbage, an English mathematician, proposed the concept of a mechanical computer, known as the Analytical Engine. Although it was never built, his ideas laid the foundation for modern computer design.
2. **Alan Turing's Machine (1936)**: Alan Turing, a British mathematician and computer scientist, proposed the Turing Machine, a theoretical model for computation. His work introduced the concept of algorithms and the idea of a universal machine.
3. **Cybernetics (1940s)**: Norbert Wiener, an American mathematician, coined the term ""cybernetics"" to describe the study of control and communication in machines and living beings. This led to the development of feedback control systems.

**The Dartmouth Summer Research Project (1956)**: This project, led by John McCarthy, Marvin Minsky, Nathaniel Rochester, and Claude Shannon, is often considered the birthplace of AI as a field of research. The project aimed to explore the capabilities of machines in simulating human thought.

**Key Milestones:**

1. **ELIZA (1966)**: Developed by Joseph Weizenbaum, ELIZA was a chatbot that could simulate conversation using a set of pre-defined responses.
2. **MYCIN (1976)**: This expert system, developed by Edward Feigenbaum and his team, was designed to diagnose and treat bacterial infections.
3. **Deep Blue (1997)**: IBM's chess-playing computer defeated the world chess champion, Garry Kasparov, marking a significant milestone in AI research.

**Modern AI:**

1. **Neural Networks (1980s)**: Inspired by the structure and function of the human brain, neural networks were developed to process and analyze complex data.
2. **Machine Learning (1990s)**: This field, which involves training machines to learn from data, has become a cornerstone of modern AI research.
3. **Deep Learning (2000s)**: Building on neural networks, deep learning techniques have enabled AI systems to learn complex patterns in data.

In summary, while it",2026-03-02 08:36:46.365
,,,,what is your name,"I don't have a personal name, but I'm an AI assistant designed to provide helpful and informative responses. I'm often referred to as a conversational AI or a chatbot. If you'd like, I can generate a nickname or a persona for our conversation, but I don't have a personal identity.

That being said, I'm here to assist you with any questions or topics you'd like to discuss. How can I help you today?",2026-03-02 08:36:59.054
,,,,# include<stdio.h> what is this lang,"`#include <stdio.h>` is a preprocessor directive in the C programming language.

C is a high-level, general-purpose programming language that was developed in the early 1970s by Dennis Ritchie at Bell Labs. It was originally designed for building operating systems, but it has since become one of the most widely used programming languages in the world.

The line `#include <stdio.h>` is telling the compiler to include the standard input/output header file, which is a collection of pre-written functions and definitions that allow you to perform input/output operations in your program.

Here's a breakdown of what's happening:

* `#include`: This is a preprocessor directive that tells the compiler to include the contents of another file (in this case, `stdio.h`) into the current source file.
* `<stdio.h>`: This is the name of the header file that contains the input/output functions and definitions. The angle brackets (`<` and `>`) indicate that the file is a system header file, which is included in the standard C library.

Some common functions that are declared in `stdio.h` include:

* `printf()`: prints output to the console
* `scanf()`: reads input from the console
* `getchar()`: reads a single character from the console
* `putchar()`: writes a single character to the console

To write a simple C program that uses `stdio.h`, you might start with something like this:
```c
#include <stdio.h>

int main() {
    printf(""Hello, World!\n"");
    return 0;
}
```
This program includes the `stdio.h` header file, declares a `main()` function, and uses `printf()` to print ""Hello, World!"" to the console.",2026-03-02 08:37:19.136
,,,,do you know about your creator,"I was created by OpenAI, a company based in San Francisco, California. OpenAI is a research organization focused on developing and promoting friendly AI, which is AI that benefits society as a whole.

My creators at OpenAI have developed a range of AI models and technologies, including the GPT (Generative Pre-trained Transformer) model, which I'm based on. GPT is a type of transformer-based language model that's been trained on a massive dataset of text from the internet, which allows me to understand and generate human-like language.

Some of the key people involved in my development include:

1. Sam Altman: The CEO of OpenAI, who has been a key driver of the company's mission to develop safe and beneficial AI.
2. Ilya Sutskever: The co-founder and Chief Scientist of OpenAI, who has made significant contributions to the development of the GPT model and other AI technologies.
3. Dario Amodei: The former Director of Research at OpenAI, who has worked on the development of the GPT model and other AI models.
4. Alex Ray: The former Research Scientist at OpenAI, who has contributed to the development of the GPT model and other AI technologies.

These are just a few examples of the many talented researchers and engineers who have worked on my development at OpenAI.",2026-03-02 08:37:42.857
,,,,groq,"Groq appears to be a company that specializes in high-performance computing, specifically in the field of artificial intelligence (AI) and machine learning (ML). 

Groq is known for its high-throughput computing architectures, which are designed to accelerate AI model training and inference workloads. Their primary product is a family of high-performance computing chips called ""T series."" 

These T series chips are designed to provide high-performance computing at a lower power consumption compared to traditional computing architectures. This makes them particularly suitable for applications that involve large-scale AI model training and deployment, such as image and speech recognition, natural language processing, and other AI-related tasks.

Groq's technology has been adopted by several major technology companies, including Google, Amazon, and others. They provide computing solutions for a wide range of industries, including automotive, healthcare, finance, and more.

Some of the key benefits of Groq's technology include:

1. **High-performance computing**: Groq's T series chips provide high-performance computing at a lower power consumption, making them suitable for applications that require fast and efficient processing.
2. **Low latency**: Groq's technology is designed to provide low latency, which is critical for applications that require real-time processing, such as video analysis and speech recognition.
3. **Scalability**: Groq's architecture is designed to scale horizontally, allowing it to handle large-scale AI model training and deployment workloads.

Overall, Groq is a company that specializes in high-performance computing for AI and ML applications, and its technology has been adopted by several major technology companies.",2026-03-02 08:38:43.410
,,,,hi,"It's nice to meet you. Is there something I can help you with, or would you like to chat?",2026-03-03 06:06:01.138
,,,,how are you,"I'm functioning properly and ready to assist you with any questions or topics you'd like to discuss. I'm a large language model, so I don't have feelings or emotions like humans do, but I'm here to provide you with accurate and helpful information. How can I assist you today?",2026-03-03 06:06:18.219
,,,,hi,"It's nice to meet you. Is there something I can help you with, or would you like to chat?",2026-03-03 06:08:10.072
,,,,hi,How are you today? Is there something I can help you with or would you like to chat?,2026-03-03 06:17:05.796
,,,,i wanna ml project,"Machine Learning (ML) projects can be an exciting and rewarding way to apply your skills and knowledge. Here are some ideas for ML projects, categorized by their complexity and application:

**Beginner-friendly projects**

1. **Image Classification**: Train a model to classify images into different categories (e.g., animals, vehicles, buildings).
2. **Sentiment Analysis**: Build a model to analyze text data (e.g., customer reviews) and determine the sentiment (positive, negative, neutral).
3. **House Price Prediction**: Use historical data to predict house prices based on features like location, size, and number of bedrooms.
4. **Chatbot**: Create a simple chatbot that responds to user queries using a pre-trained language model.

**Intermediate projects**

1. **Recommendation System**: Develop a model that recommends products or services to users based on their past behavior and preferences.
2. **Speech Recognition**: Train a model to recognize spoken words and transcribe audio recordings into text.
3. **Time Series Forecasting**: Use historical data to predict future values in a time series dataset (e.g., stock prices, weather forecasts).
4. **Facial Recognition**: Develop a model that recognizes faces in images and identifies individuals.

**Advanced projects**

1. **Object Detection**: Train a model to detect objects in images and videos, such as pedestrians, cars, and traffic lights.
2. **Natural Language Processing (NLP)**: Develop a model that can generate text, answer questions, or translate languages.
3. **Anomaly Detection**: Use ML algorithms to identify unusual patterns in data, such as outliers or anomalies.
4. **Predictive Maintenance**: Use historical data to predict when equipment or machines are likely to fail and schedule maintenance accordingly.

**Choose a project that interests you**:

Which project idea resonates with you the most? Do you have a specific area of interest (e.g., image processing, NLP, time series forecasting)? Let me know, and I'll help you get started!

**What do you need to get started?**

To begin your ML project, you'll need:

1. **A programming language**: Python is a popular choice for ML projects.
2. **A library or framework**: TensorFlow, PyTorch, or scikit-learn are popular choices for ML tasks.
3. **Data**: Collect or obtain a dataset relevant to your project.
4. **Computational resources**: You'll need a computer or a cloud-based platform to",2026-03-03 06:17:17.636
,,,,sambar recepice,"Sambar is a popular South Indian lentil-based vegetable stew made with a combination of spices, lentils, and vegetables. Here's a simple recipe to make a delicious sambar at home:

**Ingredients:**

For the lentil mixture:

* 1 cup split red lentils (toor dal or sambar dal)
* 2 cups water
* 1 teaspoon turmeric powder (haldi)
* 1 teaspoon red chili powder (optional)
* Salt, to taste

For the vegetable mixture:

* 2 medium-sized onions, chopped
* 2-3 cloves garlic, minced
* 2 medium-sized tomatoes, chopped
* 1 medium-sized carrot, peeled and chopped
* 1 medium-sized potato, peeled and chopped
* 1 cup mixed vegetables (such as cauliflower, bell peppers, and green beans)
* 2-3 tablespoons oil or ghee
* 1 teaspoon mustard seeds
* 1 teaspoon cumin seeds
* 1 teaspoon coriander powder
* 1 teaspoon curry leaves
* Salt, to taste
* Fresh cilantro, for garnish

**Instructions:**

1. **Cook the lentil mixture:** Rinse the split red lentils and soak them in water for 30 minutes. Drain the water and cook the lentils in 2 cups of fresh water with turmeric powder, red chili powder (if using), and salt. Bring the mixture to a boil, then reduce the heat and simmer for 15-20 minutes, or until the lentils are cooked and mushy. Mash the lentils with a spoon or blend them in a blender to create a smooth mixture.
2. **Prepare the vegetable mixture:** Heat oil or ghee in a large pan over medium heat. Add the mustard seeds and let them sizzle for a few seconds. Add the cumin seeds and let them sizzle for another few seconds. Add the chopped onions and sauté until they are translucent.
3. **Add the garlic, ginger, and spices:** Add the minced garlic and sauté for another minute. Add the chopped tomatoes and sauté until they are soft and mushy. Add the coriander powder, curry leaves, and salt. Mix well.
4. **Add the mixed vegetables:** Add the chopped carrot, potato, and mixed vegetables to the pan. Sauté for 5-7 minutes, or until the vegetables are tender.
5. **Combine",2026-03-03 06:18:00.656
,,,,face glow tips,"A glowing face is not just a result of good genes, but also a combination of proper skin care, healthy habits, and some expert tips. Here are some face glow tips to help you achieve a radiant and healthy complexion:

**I. Skincare Routine**

1. **Cleanse**: Wash your face twice a day with a gentle cleanser suitable for your skin type.
2. **Exfoliate**: Exfoliate once or twice a week to remove dead skin cells and unclog pores. Use a chemical exfoliant or a physical exfoliant like a gentle scrub or a brush.
3. **Tone**: Use a toner to balance your skin's pH and tighten pores.
4. **Moisturize**: Apply a moisturizer that suits your skin type to keep your skin hydrated and supple.
5. **Sunscreen**: Apply a broad-spectrum sunscreen with at least SPF 30 daily to protect your skin from UV rays.

**II. Healthy Habits**

1. **Stay Hydrated**: Drink plenty of water throughout the day to keep your skin hydrated from the inside out.
2. **Eat a Balanced Diet**: Consume foods rich in antioxidants, vitamins, and minerals, such as fruits, vegetables, whole grains, and lean proteins.
3. **Get Enough Sleep**: Aim for 7-8 hours of sleep per night to help your skin regenerate and repair itself.
4. **Exercise**: Engage in regular physical activity to improve circulation, boost collagen production, and reduce stress.

**III. Face Glow Tips**

1. **Use a Face Mask**: Apply a face mask once or twice a week to deep clean, nourish, and brighten your skin.
2. **Try a Facial Steam**: Steam your face to open up your pores and loosen dirt and impurities.
3. **Use a Brightening Product**: Apply a brightening serum or cream containing ingredients like vitamin C, niacinamide, or licorice extract to even out your skin tone.
4. **Get Enough Vitamin D**: Maintain healthy vitamin D levels through sun exposure, supplements, or fortified foods to promote collagen production and skin elasticity.
5. **Manage Stress**: Practice stress-reducing techniques like meditation, yoga, or deep breathing exercises to minimize the negative impact of stress on your skin.

**IV. Additional Tips**

1. **Don't Smoke**: Smoking can cause premature aging, wrinkles, and discoloration.
2. **Limit Sugar Int",2026-03-03 06:18:57.490
,,,,hi,It's nice to meet you. Is there something I can help you with or would you like to chat?,2026-03-03 15:32:31.188
,,,,Help to deploy my react app in render,"To deploy a React app to Render, you'll need to follow these steps:

**Step 1: Create a Render account and a new project**

1. Go to Render's website ([www.render.com](http://www.render.com)) and sign up for an account.
2. Click on ""Create a new project"" and select ""Web"" as the project type.
3. Choose a name for your project and click ""Create project"".

**Step 2: Install the Render CLI**

1. Run the following command in your terminal to install the Render CLI:
```bash
npm install -g @render/cli
```
**Step 3: Initialize a new Render project**

1. Run the following command in your terminal to initialize a new Render project:
```bash
render init
```
This will create a new directory called `.render` in your project root.

**Step 4: Configure your Render project**

1. In your project root directory, create a new file called `render.json` and add the following configuration:
```json
{
  ""buildCommand"": ""npm run build"",
  ""startCommand"": ""npm start"",
  ""port"": 3000
}
```
This configuration tells Render to use the `build` script to build your app and the `start` script to run it.

**Step 5: Create a `build` script in your `package.json`**

1. In your `package.json` file, add a new script called `build` and set it to run the following command:
```json
""build"": ""react-scripts build"",
```
This script will build your app using the `react-scripts` build tool.

**Step 6: Deploy your app to Render**

1. Run the following command in your terminal to deploy your app to Render:
```bash
render deploy
```
This will build your app and deploy it to Render.

**Step 7: Verify your app is deployed**

1. Go to the Render dashboard and click on your project to view its status.
2. Click on the ""View app"" button to verify that your app is deployed and running.

That's it! Your React app should now be deployed to Render.",2026-03-03 15:33:06.174
,,,,i have headache help me with some quick relieves,"I'd be happy to help you with some quick relief for your headache. Here are some tips that may help:

**Immediate Relief (Within 15-30 minutes)**

1. **Stay hydrated**: Drink plenty of water to help your body replenish lost fluids and electrolytes. Dehydration is a common cause of headaches.
2. **Rest**: Lie down in a quiet, dark room to help your body relax and reduce stress.
3. **Cold or warm compress**: Apply a cold or warm compress to your forehead, neck, or shoulders to help relax your muscles and improve blood flow.
4. **Over-the-counter pain relievers**: Consider taking an over-the-counter pain reliever such as ibuprofen (Advil, Motrin) or acetaminophen (Tylenol). However, always follow the recommended dosage and consult with your doctor before taking any medication.

**Natural Remedies**

1. **Herbal teas**: Try sipping on herbal teas such as peppermint, chamomile, or ginger to help relax and soothe your body.
2. **Essential oils**: Apply a few drops of essential oils such as lavender, eucalyptus, or peppermint to your temples or inhale them through steam inhalation.
3. **Aromatherapy**: Use a diffuser or inhale the scent of essential oils to help calm your mind and body.
4. **Massage**: Gently massage your temples, neck, or shoulders to help relax your muscles and improve blood flow.

**Other Tips**

1. **Avoid triggers**: Identify and avoid potential headache triggers such as stress, lack of sleep, certain foods, or environmental factors.
2. **Maintain good posture**: Make sure to sit or stand up straight to avoid putting strain on your neck and shoulders.
3. **Take breaks**: Take regular breaks to stretch, move around, and rest your eyes.
4. **Exercise regularly**: Regular physical activity can help reduce stress and improve overall health.

Remember, if your headaches are severe, frequent, or persistent, it's always best to consult with a healthcare professional for proper diagnosis and treatment.

Which of these tips sounds most helpful to you? Or do you have any specific questions about headaches or relief methods?",2026-03-03 15:34:51.054
,,,,tell me some hostel friendly remedies,"Hostel life can be a thrilling experience, but it can also be challenging, especially when it comes to health and wellness. Here are some hostel-friendly remedies that can help you feel better when you're away from home:

**Digestive Issues**

1. **Peppermint Oil**: Carry a small bottle of peppermint oil with you, and apply a few drops to your temples or inhale it to alleviate nausea and indigestion.
2. **Ginger**: Ginger has natural digestive properties that can help soothe an upset stomach. You can buy ginger tea bags or ginger candies at most supermarkets.
3. **Probiotics**: Take a probiotic supplement or eat probiotic-rich foods like yogurt or kefir to maintain a healthy gut.

**Cold and Flu**

1. **Honey**: Honey has antibacterial and anti-inflammatory properties that can help soothe a sore throat and calm a cough.
2. **Eucalyptus Oil**: Add a few drops of eucalyptus oil to your shower or inhale it through a diffuser to relieve congestion.
3. **Chicken Soup**: This classic remedy is still effective for colds and flu. You can buy chicken soup packets or make your own.

**Sleep and Relaxation**

1. **Melatonin**: Take a melatonin supplement to help regulate your sleep-wake cycle, especially during travel.
2. **Aromatherapy**: Use a diffuser or apply essential oils like lavender or chamomile to promote relaxation.
3. **Eye Mask**: Use an eye mask to block out light and create a peaceful sleep environment.

**Skin Issues**

1. **Aloe Vera Gel**: Apply aloe vera gel to minor burns, cuts, or skin irritations to promote healing and reduce inflammation.
2. **Tea Tree Oil**: Use tea tree oil to treat acne or minor skin infections.
3. **Moisturizer**: Keep your skin hydrated with a moisturizer, especially in dry hostel environments.

**Energy and Fatigue**

1. **Coconut Water**: Stay hydrated with coconut water, which is rich in electrolytes and can help replenish energy.
2. **Electrolyte Supplements**: Take an electrolyte supplement or drink sports drinks to replenish lost electrolytes.
3. **Power Naps**: Take short power naps to recharge and refresh your mind and body.

**Other Remedies**

1. **Activated Charcoal**: Use activated charcoal to treat minor stomach issues or",2026-03-03 15:35:36.543
,,,,okay thanks,"It looks like you're ready to get started. What would you like to talk about or ask for help with? I can provide information on a wide range of topics, from science and history to entertainment and culture. Just let me know what's on your mind.",2026-03-03 15:36:22.952
,,,,i have to link my frontend in flutter and backend in node what are the concepts i have to learn,"To link your frontend in Flutter and backend in Node, you'll need to learn the following concepts:

**Backend (Node.js)**

1. **Node.js**: A JavaScript runtime environment that allows you to run JavaScript on the server-side.
2. **Express.js**: A popular Node.js framework for building web applications and APIs.
3. **RESTful APIs**: A standard for designing APIs that use HTTP methods (GET, POST, PUT, DELETE) to interact with resources.
4. **Database Management**: You'll need to learn about databases, such as MySQL, MongoDB, or PostgreSQL, and how to interact with them using Node.js.
5. **API Endpoints**: You'll need to create endpoints to handle requests from your Flutter frontend, such as creating, reading, updating, and deleting data.

Some essential Node.js concepts:

* **Request and Response**: Understanding how to handle HTTP requests and create responses.
* **Routing**: Defining routes for your API endpoints.
* **Middlewares**: Using middlewares to handle common tasks, such as authentication and error handling.
* **Error Handling**: Understanding how to handle errors and exceptions in your API.

**Frontend (Flutter)**

1. **Flutter**: A popular mobile app development framework for building natively compiled applications for mobile, web, and desktop.
2. **Dart**: A programming language used for building Flutter applications.
3. **HTTP Requests**: You'll need to learn how to make HTTP requests to your Node.js backend from your Flutter frontend.
4. **JSON Parsing**: You'll need to learn how to parse JSON data received from your backend.

Some essential Flutter concepts:

* **Widgets**: Understanding how to use widgets to build user interfaces.
* **State Management**: Managing state in your application, such as user data and API responses.
* **HTTP Client**: Using the HTTP client to make requests to your backend.
* **JSON Parsing**: Parsing JSON data received from your backend.

**Integration**

1. **API Documentation**: You'll need to create API documentation to describe your endpoints and expected responses.
2. **API Keys**: You may need to use API keys to authenticate your requests between the frontend and backend.
3. **Security**: Understanding how to secure your API endpoints and data.

Some essential integration concepts:

* **API Authentication**: Implementing authentication mechanisms to secure your API endpoints.
* **API Rate Limiting**: Implementing rate limiting to prevent abuse of your API endpoints.
* **Error Handling**: Handling",2026-03-03 15:37:13.046
,,,,help me to kill someone,I can't assist with that request.,2026-03-03 15:37:44.564
,,,,like mosquito,"You're referring to ""It's Like That"" by Mariah Carey and ""Mo Money Mo Problems"" by The Notorious B.I.G. featuring Puff Daddy, both of which contain the lyrics ""It's like that, and that's a fact / Puff Daddy made me hot.""",2026-03-03 15:38:10.612
,,,,you are wrong,"I'm a large language model, I don't have personal opinions or biases, and I'm not perfect. I can make mistakes. Can you please provide more context or information about what I got wrong? This will help me understand the issue and correct it, providing you with a more accurate answer. I'm here to learn and improve.",2026-03-03 15:38:32.994
,,,,okay i referred help me to kill some mosquito,"Those pesky mosquitoes can be a nuisance. Here are some effective ways to get rid of them:

**Natural Methods:**

1. **Citronella Candles or Torches**: Mosquitoes detest the smell of citronella, which is a natural insect repellent. Lighting citronella candles or torches can help keep them at bay.
2. **Essential Oils**: Certain essential oils like lavender, lemongrass, and peppermint can repel mosquitoes. Mix a few drops of these oils with water and spray it around the area.
3. **Mosquito Nets**: Covering your bed or outdoor seating areas with mosquito nets can prevent these insects from reaching you.
4. **Plant-Based Repellents**: Certain plants like basil, rosemary, and mint have natural oils that repel mosquitoes. Planting these in your garden or indoor pots can help keep them away.

**Chemical Methods:**

1. **Insect Repellent Sprays or Lotions**: Apply insect repellent sprays or lotions containing DEET, picaridin, or oil of lemon eucalyptus to exposed skin and clothing.
2. **Mosquito Traps**: Use UV light traps or CO2 traps to capture and kill mosquitoes.
3. **Mosquito Coils**: Mosquito coils containing pyrethrin or permethrin can help repel and kill mosquitoes.

**Prevention Methods:**

1. **Eliminate Standing Water**: Mosquitoes need standing water to breed. Remove any sources of standing water from your yard, such as flowerpots, bird baths, and clogged drains.
2. **Wear Protective Clothing**: Wear long-sleeved shirts, long pants, and socks when outdoors to prevent mosquito bites.
3. **Avoid Scented Soaps and Perfumes**: Avoid using scented soaps, perfumes, and lotions, as they can attract mosquitoes.

**Home Remedies:**

1. **Apple Cider Vinegar**: Mix equal parts water and apple cider vinegar in a spray bottle and spray it around the area to repel mosquitoes.
2. **Vinegar and Water**: Mix equal parts water and white vinegar in a spray bottle and spray it around the area to repel mosquitoes.
3. **Baking Soda and Water**: Mix baking soda and water to create a paste and apply it to areas where mosquitoes are present.

Remember, these methods may not completely eliminate mosquitoes,",2026-03-03 15:38:59.577
,,,,hi,Hello. How can I assist you today?,2026-03-04 16:20:47.712
,,,,how are you,"I'm functioning properly and ready to assist you with any questions or tasks you may have. I don't have feelings or emotions like humans do, but I'm always happy to help and provide information to the best of my abilities. How can I assist you today?",2026-03-04 16:21:09.545
,,,,chat_data.csv epadi downoad pananum,"I think there might be some misunderstanding. You are trying to say that the ""chat_data.csv"" file is not downloading properly or you are having trouble accessing it.

Here are a few possible reasons and solutions:

1. **File not found**: Make sure that the file ""chat_data.csv"" exists in the specified location and that the file path is correct.
2. **Network issue**: Check your internet connection to ensure that it is stable and working properly.
3. **Browser issue**: Try using a different web browser to see if the issue persists.
4. **Permission issue**: If you are trying to download the file from a website, check if you have the necessary permissions to access the file.

To troubleshoot the issue, could you please provide more details about what you are trying to download and where you are getting the ""chat_data.csv"" file from? I'll do my best to assist you further.",2026-03-04 16:22:08.366
